[{"CaseNo":1,"AdvocateName":"Advocate- AMULYA RATNA PANDA\n2) TANCHAN MAJHI @ DHANCHAND MAJHI\n    ","CaseStatus":"won"},
{"CaseNo":2,"AdvocateName":"Advocate- SMRUTI RANJAN ROUT,A.M.DAS, S.SETHI, K.C.BEHERA","CaseStatus":"won"},
{"CaseNo":3,"AdvocateName":"Advocate- MANORANJAN ACHARYA","CaseStatus":"won"},
{"CaseNo":4,"AdvocateName":"Advocate- UNMESH CHANDRA JENA,S.K.NAYAK, A.JENA","CaseStatus":"won"},
{"CaseNo":5,"AdvocateName":"Advocate- MANORANJAN ACHARYA","CaseStatus":"lost"},
{"CaseNo":6,"AdvocateName":"Advocate- ARIJEET MISHRA,S.K.JENA, S.BISWAL, R.MAHATO","CaseStatus":"lost"},
{"CaseNo":7,"AdvocateName":"Advocate- RAJENDRA NARAYAN ROUT,R.K.ROUT","CaseStatus":"lost"},
{"CaseNo":8,"AdvocateName":"Advocate- AMULYA RATNA PANDA,S.DASH","CaseStatus":"lost"},
{"CaseNo":9,"AdvocateName":"Advocate- AMULYA RATNA PANDA,S.DASH","CaseStatus":"lost"},
{"CaseNo":10,"AdvocateName":"Advocate- RITA SINGH","CaseStatus":"lost"},
{"CaseNo":11,"AdvocateName":"Advocate- RAJENDRA KUMAR PRADHAN,S.MISHRA, G.R.SINGH","CaseStatus":"lost"},
{"CaseNo":12,"AdvocateName":"Advocate- SIDHARTH PRASAD DAS,S.K.MAHANTY\n2) P. SUNIL\n    ","CaseStatus":"won"},
{"CaseNo":13,"AdvocateName":"Advocate- ASHOK KUMAR SAHOO,B.S.DAS, A.PATTANAIK","CaseStatus":"won"},
{"CaseNo":14,"AdvocateName":"Advocate- ASUTOSH TRIPATHY,P.S.TRIPATHY","CaseStatus":"lost"},
{"CaseNo":15,"AdvocateName":"Advocate- RAJIB LOCHAN PATTNAIK,E.DASH, M.NANDY, S.K.PANDA","CaseStatus":"lost"},
{"CaseNo":16,"AdvocateName":"Advocate- JUGALA KISHORE PANDA,S.S.DASH, B.KARNA,","CaseStatus":"lost"},
{"CaseNo":17,"AdvocateName":"Advocate- SWAYAMPRAVA DASH","CaseStatus":"won"},
{"CaseNo":18,"AdvocateName":"Advocate- ANIRUDHA DAS,A.DAS, G.P.PANDA, A.DAS, S.C.MISHRA, A.SAHOO","CaseStatus":"lost"},
{"CaseNo":19,"AdvocateName":"Advocate- MANAS CHAND,R.R.MISHRA, K.MANSINGH, A.SAHOO","CaseStatus":"lost"},
{"CaseNo":20,"AdvocateName":"Advocate- UMAKANTA BARIK,A.K.MOHANTY","CaseStatus":"lost"},
{"CaseNo":21,"AdvocateName":"Advocate- UMAKANTA BARIK,A.K.MOHANTY","CaseStatus":"lost"},
{"CaseNo":22,"AdvocateName":"Advocate- MANORANJAN PADHY","CaseStatus":"lost"},
{"CaseNo":23,"AdvocateName":"Advocate- BIBUDHENDRA DASH,P.K.MOHANTY,","CaseStatus":"lost"},
{"CaseNo":24,"AdvocateName":"Advocate- SANTOSH KU DWIVEDY","CaseStatus":"lost"},
{"CaseNo":25,"AdvocateName":"Advocate- SARAT KUMAR JENA,S.K.SWAIN","CaseStatus":"lost"},
{"CaseNo":26,"AdvocateName":"Advocate- SUNIL KUMAR SWAIN,D.P.PANDA, P.K.SWAIN","CaseStatus":"won"},
{"CaseNo":27,"AdvocateName":"Advocate- SUSAMPAD HOTA,R.GHOSH, N.MALLICK","CaseStatus":"won"},
{"CaseNo":28,"AdvocateName":"Advocate- ASHWINI KUMAR DAS,S.DAS","CaseStatus":"lost"},
{"CaseNo":29,"AdvocateName":"Advocate- MANAS RANJAN BEHERA,S.K.BARAL","CaseStatus":"lost"},
{"CaseNo":30,"AdvocateName":"Advocate- BISWARANJAN DALAI,R.K.PATNAIK, R.K.JENA, M.R.DAS","CaseStatus":"lost"},
{"CaseNo":31,"AdvocateName":"Advocate- S.S.RAY (2),S.K.GOUDA, P.K.NAYAK","CaseStatus":"lost"},
{"CaseNo":32,"AdvocateName":"Advocate- JYOTIRMAYA SAHOO,S.K.PATTNAIK","CaseStatus":"lost"},
{"CaseNo":33,"AdvocateName":"Advocate- JYOTIRMAYA SAHOO,S.K.PATTNAIK","CaseStatus":"lost"},
{"CaseNo":34,"AdvocateName":"Advocate- BISWARANJAN DALAI,M.R.NAYAK, R.K.PATTANIK, M.R.DAS","CaseStatus":"lost"},
{"CaseNo":35,"AdvocateName":"Advocate- SURYAKANTA DWIBEDI,R.K.MAHANTA, S.HOTA. K.MOHANTY","CaseStatus":"lost"},
{"CaseNo":36,"AdvocateName":"Advocate- GOPAL KRISHNA NAYAK,J.DASH, P.K.ROUT","CaseStatus":"lost"},
{"CaseNo":37,"AdvocateName":"Advocate- PARTHA SARATHI NAYAK,R.BEHERA, U.SAMAL","CaseStatus":"lost"},
{"CaseNo":38,"AdvocateName":"Advocate- PARTHA SARATHI NAYAK,R.BEHERA, U.SAMAL","CaseStatus":"lost"},
{"CaseNo":39,"AdvocateName":"Advocate- PARTHA SARATHI NAYAK,R.BEHERA, S.HOTA, U.SAMAL","CaseStatus":"lost"},
{"CaseNo":40,"AdvocateName":"Advocate- JAGANNATH KAMILA,G.TAMKEEN","CaseStatus":"lost"},
{"CaseNo":41,"AdvocateName":"Advocate- BISWARANJAN DALAI,M.R.NAYAK, R.K.PATNAIK, M.R.DAS,","CaseStatus":"lost"},
{"CaseNo":42,"AdvocateName":"Advocate- BISWARANJAN DALAI,M.R.NAYAK, R.K.PATNAIK, M.R.DAS,","CaseStatus":"lost"},
{"CaseNo":43,"AdvocateName":"Advocate- AMITAV TRIPATHY,A.K.BEHERA,","CaseStatus":"lost"},
{"CaseNo":44,"AdvocateName":"Advocate- SUNIL KUMAR PANDA,K.PANDA, R.L.PATNAIK, S.ROUT","CaseStatus":"lost"},
{"CaseNo":45,"AdvocateName":"Advocate- SUNIL KUMAR PANDA,K.PANDA, R.L.PATNAIK","CaseStatus":"lost"},
{"CaseNo":46,"AdvocateName":"Advocate- SUNIL KUMAR PANDA,K.PANDA, R.L.PATNAIK, S.ROUT\n2) BIKASH MAPA\n    ","CaseStatus":"lost"},
{"CaseNo":47,"AdvocateName":"Advocate- AMITAV TRIPATHY,A.K.BEHERA\n2) LAXMIDHAR RANA\n    ","CaseStatus":"lost"},
{"CaseNo":48,"AdvocateName":"Advocate- AMIT KUMAR NATH,S.K.ROUT, P.K.SAHOO","CaseStatus":"lost"},
{"CaseNo":49,"AdvocateName":"Advocate- ARJUNA CHARANA BEHERA","CaseStatus":"lost"},
{"CaseNo":50,"AdvocateName":"Advocate- SOUBHAGYA KUMAR DASH,S.K.TRIPATHY","CaseStatus":"lost"},
{"CaseNo":51,"AdvocateName":"Advocate- JAGANNATH KAMILA,G.TAMKEEN","CaseStatus":"lost"},
{"CaseNo":52,"AdvocateName":"Advocate- S.S.RAY 2,L.N.PATTNAIK","CaseStatus":"lost"},
{"CaseNo":53,"AdvocateName":"Advocate- S.S.RAY (2)","CaseStatus":"lost"},
{"CaseNo":54,"AdvocateName":"Advocate- BIKRAM KESHARI BAL,M.K.PRADHAN","CaseStatus":"lost"},
{"CaseNo":55,"AdvocateName":"Advocate- NIRANJAN LENKA,H.K.MOHANTA, N.LENKA, P.K.BARIK","CaseStatus":"lost"},
{"CaseNo":56,"AdvocateName":"Advocate- DIBYA JYOTI SAHOO,P.C.MISHRA","CaseStatus":"lost"},
{"CaseNo":57,"AdvocateName":"Advocate- DIBYA JYOTI SAHOO,P.C.MISHRA, S.K.BARAL\n2) KALE THAPA @ SHANKAR THAPA @ SANKAR THAPA\n    ","CaseStatus":"lost"},
{"CaseNo":58,"AdvocateName":"Advocate- DIBYA JYOTI SAHOO","CaseStatus":"lost"},
{"CaseNo":59,"AdvocateName":"Advocate- ARUN KUMAR PATRA,K.S.K.PATRO, B.SHADANGI\n2) NARENDRA NIMAL\n    ","CaseStatus":"lost"},
{"CaseNo":60,"AdvocateName":"Advocate- SURYAKANTA DWIBEDI,R.K.MAHANTA,","CaseStatus":"lost"},
{"CaseNo":61,"AdvocateName":"Advocate- PRABHU PRASANNA BEHERA,K.KHUNTIA, B.C.MOHANTY, B.SAHOO","CaseStatus":"lost"},
{"CaseNo":62,"AdvocateName":"Advocate- SURENDRA KUMAR BISWAL,L.C.BEHERA","CaseStatus":"lost"},
{"CaseNo":63,"AdvocateName":"Advocate- ALOK KUMAR PANDA,A.K.CHAUDHURY, N.K.SAHOO, S.DASH","CaseStatus":"lost"},
{"CaseNo":64,"AdvocateName":"Advocate- UMA CHARAN MISHRA,A.MISHRA, J.K.MAHAPATRA, T.SAHU","CaseStatus":"lost"},
{"CaseNo":65,"AdvocateName":"Advocate- U.C.MISHRA,A.MISHRA, J.K.MOHAPATRA, T.SAHU","CaseStatus":"lost"},
{"CaseNo":66,"AdvocateName":"Advocate- S.K.MOHAPATRA,A.K.PANDEY, K.S.DAS,","CaseStatus":"lost"},
{"CaseNo":67,"AdvocateName":"Advocate- SUNIL KUMAR PANDA,K.PANDA, R.L.PATNAIK, S.ROUT","CaseStatus":"lost"},
{"CaseNo":68,"AdvocateName":"Advocate- RABINDRANATH PRUSTY,C.R.KAR, A.K.SWAIN, N.N.MOHAPATRA","CaseStatus":"lost"},
{"CaseNo":69,"AdvocateName":"Advocate- MANAS RANJAN BADAJENA,J.K.ROUT","CaseStatus":"lost"},
{"CaseNo":70,"AdvocateName":"Advocate- PRABHU PRASANNA BEHERA,K.KHUNTIA, B.C.MOHANTY, P.S.MOHANTY","CaseStatus":"lost"},
{"CaseNo":71,"AdvocateName":"Advocate- SMRUTI RANJAN MOHAPATRA,U.K.PATI, B.R.MOHANTY, A.MOHANTY\n2) BAPI @ KULAMANI KUMURA\n    ","CaseStatus":"lost"},
{"CaseNo":72,"AdvocateName":"Advocate- BISWARANJAN MAHARATHA,N.MAHAPATRA, R.CHHOTRAY, P.K.SWAIN","CaseStatus":"lost"},
{"CaseNo":73,"AdvocateName":"Advocate- SOUBHAGYA KUMAR DASH,S.K.TRIPATHY","CaseStatus":"lost"},
{"CaseNo":74,"AdvocateName":"Advocate- DURGA PRASAD JENA,S.K.SWAIN","CaseStatus":"lost"},
{"CaseNo":75,"AdvocateName":"Advocate- SOUMYA RANJAN DAS","CaseStatus":"lost"},
{"CaseNo":76,"AdvocateName":"Advocate- BIDYALOK MOHAPATRA M/S.S.DAS A.K.MOAHNTY S.P.TRIPATHY V.R.BEHERA A.MISHRA,P.CHINARA, A.S.PAUL,","CaseStatus":"lost"},
{"CaseNo":77,"AdvocateName":"Advocate- BISWARANJAN MAHARATHA","CaseStatus":"lost"},
{"CaseNo":78,"AdvocateName":"Advocate- SURENDRA KUMAR BISWAL,L.C.BEHERA","CaseStatus":"lost"},
{"CaseNo":79,"AdvocateName":"Advocate- SANGRAM RATH","CaseStatus":"lost"},
{"CaseNo":80,"AdvocateName":"Advocate- SANGRAM RATH","CaseStatus":"lost"},
{"CaseNo":81,"AdvocateName":"Advocate- MANOJ KUMAR PANDA,S.S.CHHUALSINGH, S.R.NAYAK","CaseStatus":"lost"},
{"CaseNo":82,"AdvocateName":"Advocate- MANOJ KUMAR PANDA,S.S.CHUUALSINGH, S.R.NAYAK","CaseStatus":"lost"},
{"CaseNo":83,"AdvocateName":"Advocate- DEEPAK KU SAHOO","CaseStatus":"lost"},
{"CaseNo":84,"AdvocateName":"Advocate- PARTHA SARATHI NAYAK,R.BEHERA, U.SAMAL","CaseStatus":"lost"},
{"CaseNo":85,"AdvocateName":"Advocate- RAJIB LOCHAN PATTNAIK,E.DASH, S.K.PANDA, M.NANDY","CaseStatus":"lost"},
{"CaseNo":86,"AdvocateName":"Advocate- ASIT KUMAR JENA,S.ROUT","CaseStatus":"lost"},
{"CaseNo":87,"AdvocateName":"Advocate- S.S.RAY 2,B.N.RAY","CaseStatus":"lost"},
{"CaseNo":88,"AdvocateName":"Advocate- S.S.RAY 2","CaseStatus":"lost"},
{"CaseNo":89,"AdvocateName":"Advocate- ANANTA NARAYAN PATTANAYAK,C.K.ROUT","CaseStatus":"lost"},
{"CaseNo":90,"AdvocateName":"Advocate- ARUN KUMAR MISHRA,T.MISHRA, A.K.NANDY, T.K.BISWAL","CaseStatus":"lost"},
{"CaseNo":91,"AdvocateName":"Advocate- PRADEEP KUMAR DAS,D.SAHOO\n2) SK. MOUNI @ MANGOLO\n    ","CaseStatus":"lost"},
{"CaseNo":92,"AdvocateName":"Advocate- DINESH KUMAR PATRA,M/S GOUTAM MISHRA,A.DASH, J.R.DEO, S.JENA, A.K.DASH","CaseStatus":"lost"},
{"CaseNo":93,"AdvocateName":"Advocate- BALARAM NAYAK","CaseStatus":"lost"},
{"CaseNo":94,"AdvocateName":"Advocate- BIDESHI KUMAR GHADEI, M/S.SMRUTI RANJAN ROUT, K.C.BEHERA,H.P.DAS, D.P.K.BHUYAN, S.LENKA","CaseStatus":"lost"},
{"CaseNo":95,"AdvocateName":"Advocate- RAJENDRA NARAYAN ROUT,R.K.ROUT","CaseStatus":"lost"}]
